earn,age,eth,height,height_cm,y,x,x_centered
50000,2,3,74,187.96,10.8197782844103,187.96,17.6073087818697
60000,3,3,66,167.64,11.0020998412042,167.64,-2.71269121813032
30000,1,3,64,162.56,10.3089526606443,162.56,-7.7926912181303
51000,2,3,63,160.02,10.8395809117065,160.02,-10.3326912181303
9000,1,3,64,162.56,9.10497985631836,162.56,-7.7926912181303
29000,2,3,62,157.48,10.2750511089686,157.48,-12.8726912181303
32000,2,3,73,185.42,10.3734911817819,185.42,15.0673087818697
2000,1,2,72,182.88,7.60090245954208,182.88,12.5273087818697
27000,1,3,72,182.88,10.2035921449865,182.88,12.5273087818697
30000,1,3,68,172.72,10.3089526606443,172.72,2.3673087818697
12000,1,3,68,172.72,9.39266192877014,172.72,2.3673087818697
12000,3,3,65,165.1,9.39266192877014,165.1,-5.25269121813031
22000,2,3,66,167.64,9.99879773234045,167.64,-2.71269121813032
17000,3,3,68,172.72,9.74096862303835,172.72,2.3673087818697
40000,1,3,68,172.72,10.5966347330961,172.72,2.3673087818697
44000,2,3,70,177.8,10.6919449129004,177.8,7.44730878186971
7000,3,1,64,162.56,8.85366542803745,162.56,-7.7926912181303
53000,2,1,73,185.42,10.8780471925343,185.42,15.0673087818697
5000,3,3,62,157.48,8.51719319141624,157.48,-12.8726912181303
14000,1,3,63,160.02,9.5468126085974,160.02,-10.3326912181303
5500,1,3,67,170.18,8.61250337122056,170.18,-0.172691218130296
40000,2,3,66,167.64,10.5966347330961,167.64,-2.71269121813032
34000,2,3,72,182.88,10.4341158035983,182.88,12.5273087818697
10000,2,1,63,160.02,9.21034037197618,160.02,-10.3326912181303
27000,3,3,64,162.56,10.2035921449865,162.56,-7.7926912181303
50000,2,3,72,182.88,10.8197782844103,182.88,12.5273087818697
41000,1,3,77,195.58,10.6213273456864,195.58,25.2273087818697
15000,1,3,64,162.56,9.61580548008435,162.56,-7.7926912181303
25000,1,3,64,162.56,10.1266311038503,162.56,-7.7926912181303
75000,2,3,72,182.88,11.2252433925184,182.88,12.5273087818697
27000,1,3,68,172.72,10.2035921449865,172.72,2.3673087818697
12000,1,3,64,162.56,9.39266192877014,162.56,-7.7926912181303
30000,1,1,67,170.18,10.3089526606443,170.18,-0.172691218130296
21000,3,3,65,165.1,9.95227771670556,165.1,-5.25269121813031
27000,1,3,64,162.56,10.2035921449865,162.56,-7.7926912181303
25000,1,3,65,165.1,10.1266311038503,165.1,-5.25269121813031
24000,2,3,65,165.1,10.0858091093301,165.1,-5.25269121813031
32000,1,3,67,170.18,10.3734911817819,170.18,-0.172691218130296
10000,1,3,68,172.72,9.21034037197618,172.72,2.3673087818697
11000,1,2,60,152.4,9.30565055178051,152.4,-17.9526912181303
18700,1,3,65,165.1,9.83627880284268,165.1,-5.25269121813031
20000,1,3,62,157.48,9.90348755253613,157.48,-12.8726912181303
3500,1,3,72,182.88,8.1605182474775,182.88,12.5273087818697
13000,3,1,67,170.18,9.47270463644367,170.18,-0.172691218130296
21000,2,3,70,177.8,9.95227771670556,177.8,7.44730878186971
34000,2,3,68,172.72,10.4341158035983,172.72,2.3673087818697
17000,1,3,71,180.34,9.74096862303835,180.34,9.9873087818697
35000,1,3,71,180.34,10.4631033404715,180.34,9.9873087818697
4000,1,3,73,185.42,8.29404964010203,185.42,15.0673087818697
14000,3,3,68,172.72,9.5468126085974,172.72,2.3673087818697
10000,3,3,66,167.64,9.21034037197618,167.64,-2.71269121813032
25000,1,3,69,175.26,10.1266311038503,175.26,4.90730878186969
16000,1,3,63,160.02,9.68034400122192,160.02,-10.3326912181303
16000,1,2,62,157.48,9.68034400122192,157.48,-12.8726912181303
16500,2,3,64,162.56,9.71111565988867,162.56,-7.7926912181303
3840,3,3,67,170.18,8.25322764558177,170.18,-0.172691218130296
22000,2,3,71,180.34,9.99879773234045,180.34,9.9873087818697
200,3,3,60,152.4,5.29831736654804,152.4,-17.9526912181303
26000,1,3,66,167.64,10.1658518170036,167.64,-2.71269121813032
2500,1,3,66,167.64,7.82404601085629,167.64,-2.71269121813032
17000,2,3,65,165.1,9.74096862303835,165.1,-5.25269121813031
8000,1,3,70,177.8,8.98719682066197,177.8,7.44730878186971
10000,2,3,62,157.48,9.21034037197618,157.48,-12.8726912181303
15000,2,3,72,182.88,9.61580548008435,182.88,12.5273087818697
2400,2,2,67,170.18,7.78322401633604,170.18,-0.172691218130296
30000,1,2,68,172.72,10.3089526606443,172.72,2.3673087818697
30000,1,3,70,177.8,10.3089526606443,177.8,7.44730878186971
10000,2,3,62,157.48,9.21034037197618,157.48,-12.8726912181303
5000,1,3,63,160.02,8.51719319141624,160.02,-10.3326912181303
12000,3,3,66,167.64,9.39266192877014,167.64,-2.71269121813032
20000,3,3,70,177.8,9.90348755253613,177.8,7.44730878186971
20000,2,3,68,172.72,9.90348755253613,172.72,2.3673087818697
20000,1,3,70,177.8,9.90348755253613,177.8,7.44730878186971
1200,1,3,66,167.64,7.09007683577609,167.64,-2.71269121813032
700,1,3,68,172.72,6.5510803350434,172.72,2.3673087818697
20000,1,3,70,177.8,9.90348755253613,177.8,7.44730878186971
10000,1,2,61,154.94,9.21034037197618,154.94,-15.4126912181303
40000,3,3,64,162.56,10.5966347330961,162.56,-7.7926912181303
60000,3,3,69,175.26,11.0020998412042,175.26,4.90730878186969
16040,1,3,64,162.56,9.68284088142051,162.56,-7.7926912181303
15000,1,1,67,170.18,9.61580548008435,170.18,-0.172691218130296
10000,1,3,69,175.26,9.21034037197618,175.26,4.90730878186969
33000,2,3,67,170.18,10.4042628404486,170.18,-0.172691218130296
18000,1,3,68,172.72,9.7981270368783,172.72,2.3673087818697
15000,2,3,63,160.02,9.61580548008435,160.02,-10.3326912181303
21000,1,3,71,180.34,9.95227771670556,180.34,9.9873087818697
21000,2,1,64,162.56,9.95227771670556,162.56,-7.7926912181303
37000,2,3,68,172.72,10.5186731916264,172.72,2.3673087818697
38000,2,3,68,172.72,10.5453414387085,172.72,2.3673087818697
17000,2,2,66,167.64,9.74096862303835,167.64,-2.71269121813032
32000,1,3,77,195.58,10.3734911817819,195.58,25.2273087818697
27500,3,3,67,170.18,10.2219412836547,170.18,-0.172691218130296
16500,2,3,62,157.48,9.71111565988867,157.48,-12.8726912181303
25000,2,3,67,170.18,10.1266311038503,170.18,-0.172691218130296
27000,2,3,61,154.94,10.2035921449865,154.94,-15.4126912181303
5000,1,3,64,162.56,8.51719319141624,162.56,-7.7926912181303
70000,2,3,62,157.48,11.1562505210315,157.48,-12.8726912181303
5000,2,3,63,160.02,8.51719319141624,160.02,-10.3326912181303
5000,1,3,68,172.72,8.51719319141624,172.72,2.3673087818697
20000,1,3,64,162.56,9.90348755253613,162.56,-7.7926912181303
4000,1,3,72,182.88,8.29404964010203,182.88,12.5273087818697
60000,2,3,64,162.56,11.0020998412042,162.56,-7.7926912181303
5000,1,3,61,154.94,8.51719319141624,154.94,-15.4126912181303
30000,2,3,74,187.96,10.3089526606443,187.96,17.6073087818697
70000,2,3,70,177.8,11.1562505210315,177.8,7.44730878186971
50000,2,3,71,180.34,10.8197782844103,180.34,9.9873087818697
44000,2,3,63,160.02,10.6919449129004,160.02,-10.3326912181303
30000,2,3,64,162.56,10.3089526606443,162.56,-7.7926912181303
10000,2,3,62,157.48,9.21034037197618,157.48,-12.8726912181303
23000,2,3,70,177.8,10.0432494949113,177.8,7.44730878186971
45000,3,3,71,180.34,10.7144177687525,180.34,9.9873087818697
15000,1,3,71,180.34,9.61580548008435,180.34,9.9873087818697
17000,1,3,67,170.18,9.74096862303835,170.18,-0.172691218130296
30000,1,3,64,162.56,10.3089526606443,162.56,-7.7926912181303
27500,1,3,67,170.18,10.2219412836547,170.18,-0.172691218130296
18000,3,2,62,157.48,9.7981270368783,157.48,-12.8726912181303
43000,2,1,68,172.72,10.6689553946757,172.72,2.3673087818697
32000,2,1,62,157.48,10.3734911817819,157.48,-12.8726912181303
10000,3,1,68,172.72,9.21034037197618,172.72,2.3673087818697
60000,2,3,74,187.96,11.0020998412042,187.96,17.6073087818697
21000,3,4,68,172.72,9.95227771670556,172.72,2.3673087818697
2400,1,3,62,157.48,7.78322401633604,157.48,-12.8726912181303
1000,1,3,66,167.64,6.90775527898214,167.64,-2.71269121813032
27000,1,3,68,172.72,10.2035921449865,172.72,2.3673087818697
6600,1,2,60,152.4,8.79482492801452,152.4,-17.9526912181303
16000,2,3,68,172.72,9.68034400122192,172.72,2.3673087818697
90000,1,3,72,182.88,11.4075649493124,182.88,12.5273087818697
8000,2,3,66,167.64,8.98719682066197,167.64,-2.71269121813032
20000,1,3,68,172.72,9.90348755253613,172.72,2.3673087818697
15000,1,3,68,172.72,9.61580548008435,172.72,2.3673087818697
12000,3,3,69,175.26,9.39266192877014,175.26,4.90730878186969
24000,2,3,64,162.56,10.0858091093301,162.56,-7.7926912181303
20000,2,3,65,165.1,9.90348755253613,165.1,-5.25269121813031
19000,2,3,61,154.94,9.85219425814858,154.94,-15.4126912181303
10000,2,3,72,182.88,9.21034037197618,182.88,12.5273087818697
40000,1,3,66,167.64,10.5966347330961,167.64,-2.71269121813032
25000,3,3,68,172.72,10.1266311038503,172.72,2.3673087818697
25000,1,3,70,177.8,10.1266311038503,177.8,7.44730878186971
25000,1,3,71,180.34,10.1266311038503,180.34,9.9873087818697
19000,3,3,71,180.34,9.85219425814858,180.34,9.9873087818697
44000,2,3,68,172.72,10.6919449129004,172.72,2.3673087818697
15000,2,3,60,152.4,9.61580548008435,152.4,-17.9526912181303
17000,2,3,63,160.02,9.74096862303835,160.02,-10.3326912181303
24000,3,3,68,172.72,10.0858091093301,172.72,2.3673087818697
23000,2,3,64,162.56,10.0432494949113,162.56,-7.7926912181303
65000,2,3,68,172.72,11.0821425488778,172.72,2.3673087818697
7000,3,3,61,154.94,8.85366542803745,154.94,-15.4126912181303
40000,3,3,68,172.72,10.5966347330961,172.72,2.3673087818697
15000,2,3,66,167.64,9.61580548008435,167.64,-2.71269121813032
20000,1,3,70,177.8,9.90348755253613,177.8,7.44730878186971
20000,3,3,71,180.34,9.90348755253613,180.34,9.9873087818697
20000,2,3,65,165.1,9.90348755253613,165.1,-5.25269121813031
25000,2,3,66,167.64,10.1266311038503,167.64,-2.71269121813032
49000,2,3,70,177.8,10.7995755770928,177.8,7.44730878186971
11000,3,3,66,167.64,9.30565055178051,167.64,-2.71269121813032
16000,2,3,61,154.94,9.68034400122192,154.94,-15.4126912181303
35000,2,3,72,182.88,10.4631033404715,182.88,12.5273087818697
125000,2,3,74,187.96,11.7360690162844,187.96,17.6073087818697
23000,2,3,67,170.18,10.0432494949113,170.18,-0.172691218130296
17000,1,3,66,167.64,9.74096862303835,167.64,-2.71269121813032
27000,2,3,62,157.48,10.2035921449865,157.48,-12.8726912181303
70000,1,3,72,182.88,11.1562505210315,182.88,12.5273087818697
35000,2,3,65,165.1,10.4631033404715,165.1,-5.25269121813031
10000,3,3,60,152.4,9.21034037197618,152.4,-17.9526912181303
35000,2,3,62,157.48,10.4631033404715,157.48,-12.8726912181303
15000,2,3,66,167.64,9.61580548008435,167.64,-2.71269121813032
12000,2,3,64,162.56,9.39266192877014,162.56,-7.7926912181303
8000,3,3,65,165.1,8.98719682066197,165.1,-5.25269121813031
35000,3,3,73,185.42,10.4631033404715,185.42,15.0673087818697
45000,3,3,69,175.26,10.7144177687525,175.26,4.90730878186969
15000,1,3,64,162.56,9.61580548008435,162.56,-7.7926912181303
24000,3,3,67,170.18,10.0858091093301,170.18,-0.172691218130296
25000,1,3,62,157.48,10.1266311038503,157.48,-12.8726912181303
25000,3,1,63,160.02,10.1266311038503,160.02,-10.3326912181303
20000,1,4,67,170.18,9.90348755253613,170.18,-0.172691218130296
24000,1,3,68,172.72,10.0858091093301,172.72,2.3673087818697
44000,2,3,72,182.88,10.6919449129004,182.88,12.5273087818697
69000,2,3,70,177.8,11.1418617835794,177.8,7.44730878186971
62000,2,3,70,177.8,11.0348896640272,177.8,7.44730878186971
32000,1,1,67,170.18,10.3734911817819,170.18,-0.172691218130296
20000,1,1,63,160.02,9.90348755253613,160.02,-10.3326912181303
32000,2,4,66,167.64,10.3734911817819,167.64,-2.71269121813032
25000,3,3,66,167.64,10.1266311038503,167.64,-2.71269121813032
170000,2,3,71,180.34,12.0435537160324,180.34,9.9873087818697
35000,1,3,67,170.18,10.4631033404715,170.18,-0.172691218130296
40000,2,1,76,193.04,10.5966347330961,193.04,22.6873087818697
33000,1,3,69,175.26,10.4042628404486,175.26,4.90730878186969
18000,1,3,65,165.1,9.7981270368783,165.1,-5.25269121813031
30000,2,3,62,157.48,10.3089526606443,157.48,-12.8726912181303
26000,1,3,62,157.48,10.1658518170036,157.48,-12.8726912181303
5000,1,3,62,157.48,8.51719319141624,157.48,-12.8726912181303
17000,1,3,61,154.94,9.74096862303835,154.94,-15.4126912181303
32000,1,3,65,165.1,10.3734911817819,165.1,-5.25269121813031
15000,1,3,72,182.88,9.61580548008435,182.88,12.5273087818697
50000,3,3,72,182.88,10.8197782844103,182.88,12.5273087818697
8000,2,3,64,162.56,8.98719682066197,162.56,-7.7926912181303
40000,3,3,71,180.34,10.5966347330961,180.34,9.9873087818697
40000,2,3,72,182.88,10.5966347330961,182.88,12.5273087818697
32750,1,3,66,167.64,10.3966582410634,167.64,-2.71269121813032
36000,2,1,65,165.1,10.4912742174382,165.1,-5.25269121813031
6000,3,3,62,157.48,8.69951474821019,157.48,-12.8726912181303
12000,1,1,66,167.64,9.39266192877014,167.64,-2.71269121813032
60000,3,3,67,170.18,11.0020998412042,170.18,-0.172691218130296
40000,2,3,64,162.56,10.5966347330961,162.56,-7.7926912181303
43000,2,3,63,160.02,10.6689553946757,160.02,-10.3326912181303
45000,1,3,67,170.18,10.7144177687525,170.18,-0.172691218130296
6000,2,3,68,172.72,8.69951474821019,172.72,2.3673087818697
20000,2,1,64,162.56,9.90348755253613,162.56,-7.7926912181303
17000,1,1,66,167.64,9.74096862303835,167.64,-2.71269121813032
2000,1,3,65,165.1,7.60090245954208,165.1,-5.25269121813031
65000,1,3,65,165.1,11.0821425488778,165.1,-5.25269121813031
50000,2,3,72,182.88,10.8197782844103,182.88,12.5273087818697
11000,2,3,68,172.72,9.30565055178051,172.72,2.3673087818697
35000,1,3,74,187.96,10.4631033404715,187.96,17.6073087818697
27000,1,3,63,160.02,10.2035921449865,160.02,-10.3326912181303
3500,3,3,64,162.56,8.1605182474775,162.56,-7.7926912181303
42000,2,3,68,172.72,10.6454248972655,172.72,2.3673087818697
20000,1,3,67,170.18,9.90348755253613,170.18,-0.172691218130296
15000,1,3,67,170.18,9.61580548008435,170.18,-0.172691218130296
10000,1,3,73,185.42,9.21034037197618,185.42,15.0673087818697
17000,1,2,65,165.1,9.74096862303835,165.1,-5.25269121813031
28000,1,3,77,195.58,10.2399597891573,195.58,25.2273087818697
15000,1,3,68,172.72,9.61580548008435,172.72,2.3673087818697
20000,1,3,62,157.48,9.90348755253613,157.48,-12.8726912181303
20000,1,3,64,162.56,9.90348755253613,162.56,-7.7926912181303
10500,2,2,67,170.18,9.25913053614561,170.18,-0.172691218130296
13000,1,3,70,177.8,9.47270463644367,177.8,7.44730878186971
10000,3,3,62,157.48,9.21034037197618,157.48,-12.8726912181303
3000,2,3,63,160.02,8.00636756765025,160.02,-10.3326912181303
24000,1,3,62,157.48,10.0858091093301,157.48,-12.8726912181303
17000,2,3,69,175.26,9.74096862303835,175.26,4.90730878186969
11000,2,3,64,162.56,9.30565055178051,162.56,-7.7926912181303
32000,2,3,69,175.26,10.3734911817819,175.26,4.90730878186969
17000,1,3,59,149.86,9.74096862303835,149.86,-20.4926912181303
3000,2,4,66,167.64,8.00636756765025,167.64,-2.71269121813032
2100,1,1,62,157.48,7.64969262371151,157.48,-12.8726912181303
3192,1,1,75,190.5,8.0684029585697,190.5,20.1473087818697
17000,1,3,63,160.02,9.74096862303835,160.02,-10.3326912181303
30000,1,3,65,165.1,10.3089526606443,165.1,-5.25269121813031
15000,1,3,70,177.8,9.61580548008435,177.8,7.44730878186971
24000,2,3,68,172.72,10.0858091093301,172.72,2.3673087818697
50000,3,3,69,175.26,10.8197782844103,175.26,4.90730878186969
50000,3,3,72,182.88,10.8197782844103,182.88,12.5273087818697
20000,2,3,64,162.56,9.90348755253613,162.56,-7.7926912181303
30000,3,2,63,160.02,10.3089526606443,160.02,-10.3326912181303
22000,2,3,73,185.42,9.99879773234045,185.42,15.0673087818697
27000,1,3,75,190.5,10.2035921449865,190.5,20.1473087818697
4000,2,3,65,165.1,8.29404964010203,165.1,-5.25269121813031
17500,1,3,66,167.64,9.76995615991161,167.64,-2.71269121813032
16500,1,3,66,167.64,9.71111565988867,167.64,-2.71269121813032
28000,2,3,64,162.56,10.2399597891573,162.56,-7.7926912181303
52000,3,3,66,167.64,10.8589989975636,167.64,-2.71269121813032
15000,1,3,64,162.56,9.61580548008435,162.56,-7.7926912181303
19000,1,3,63,160.02,9.85219425814858,160.02,-10.3326912181303
27000,1,3,73,185.42,10.2035921449865,185.42,15.0673087818697
15000,3,3,72,182.88,9.61580548008435,182.88,12.5273087818697
15000,1,3,72,182.88,9.61580548008435,182.88,12.5273087818697
14500,3,3,64,162.56,9.58190392840867,162.56,-7.7926912181303
24000,1,3,64,162.56,10.0858091093301,162.56,-7.7926912181303
18000,2,3,68,172.72,9.7981270368783,172.72,2.3673087818697
4000,3,3,69,175.26,8.29404964010203,175.26,4.90730878186969
700,2,3,60,152.4,6.5510803350434,152.4,-17.9526912181303
27000,2,3,76,193.04,10.2035921449865,193.04,22.6873087818697
12000,2,3,72,182.88,9.39266192877014,182.88,12.5273087818697
22000,2,3,62,157.48,9.99879773234045,157.48,-12.8726912181303
30000,2,3,62,157.48,10.3089526606443,157.48,-12.8726912181303
35000,3,3,71,180.34,10.4631033404715,180.34,9.9873087818697
20000,2,3,74,187.96,9.90348755253613,187.96,17.6073087818697
32000,1,3,65,165.1,10.3734911817819,165.1,-5.25269121813031
6000,1,4,63,160.02,8.69951474821019,160.02,-10.3326912181303
12000,2,3,67,170.18,9.39266192877014,170.18,-0.172691218130296
10000,1,3,63,160.02,9.21034037197618,160.02,-10.3326912181303
1000,1,3,65,165.1,6.90775527898214,165.1,-5.25269121813031
16000,2,3,65,165.1,9.68034400122192,165.1,-5.25269121813031
25000,1,3,63,160.02,10.1266311038503,160.02,-10.3326912181303
25000,1,3,70,177.8,10.1266311038503,177.8,7.44730878186971
32000,1,3,68,172.72,10.3734911817819,172.72,2.3673087818697
35000,2,3,67,170.18,10.4631033404715,170.18,-0.172691218130296
6000,1,3,65,165.1,8.69951474821019,165.1,-5.25269121813031
80000,2,3,69,175.26,11.289781913656,175.26,4.90730878186969
20000,1,3,68,172.72,9.90348755253613,172.72,2.3673087818697
1000,2,3,66,167.64,6.90775527898214,167.64,-2.71269121813032
28000,2,2,71,180.34,10.2399597891573,180.34,9.9873087818697
26000,1,2,64,162.56,10.1658518170036,162.56,-7.7926912181303
27000,1,3,74,187.96,10.2035921449865,187.96,17.6073087818697
18000,2,3,62,157.48,9.7981270368783,157.48,-12.8726912181303
2000,3,3,65,165.1,7.60090245954208,165.1,-5.25269121813031
6000,2,3,66,167.64,8.69951474821019,167.64,-2.71269121813032
25000,3,3,67,170.18,10.1266311038503,170.18,-0.172691218130296
12000,1,3,73,185.42,9.39266192877014,185.42,15.0673087818697
12000,3,3,76,193.04,9.39266192877014,193.04,22.6873087818697
4000,1,1,63,160.02,8.29404964010203,160.02,-10.3326912181303
26000,2,1,63,160.02,10.1658518170036,160.02,-10.3326912181303
23000,2,1,70,177.8,10.0432494949113,177.8,7.44730878186971
21000,1,3,71,180.34,9.95227771670556,180.34,9.9873087818697
25000,3,3,65,165.1,10.1266311038503,165.1,-5.25269121813031
4000,2,3,63,160.02,8.29404964010203,160.02,-10.3326912181303
23900,1,3,64,162.56,10.0816337379196,162.56,-7.7926912181303
35000,2,3,64,162.56,10.4631033404715,162.56,-7.7926912181303
26000,1,3,67,170.18,10.1658518170036,170.18,-0.172691218130296
25000,2,3,66,167.64,10.1266311038503,167.64,-2.71269121813032
23500,1,3,68,172.72,10.0647557001323,172.72,2.3673087818697
12000,1,3,65,165.1,9.39266192877014,165.1,-5.25269121813031
15000,1,3,67,170.18,9.61580548008435,170.18,-0.172691218130296
3000,1,3,73,185.42,8.00636756765025,185.42,15.0673087818697
15000,1,3,63,160.02,9.61580548008435,160.02,-10.3326912181303
175000,2,3,71,180.34,12.0725412529057,180.34,9.9873087818697
1000,1,3,73,185.42,6.90775527898214,185.42,15.0673087818697
10000,3,3,65,165.1,9.21034037197618,165.1,-5.25269121813031
20000,2,3,59,149.86,9.90348755253613,149.86,-20.4926912181303
35000,1,3,70,177.8,10.4631033404715,177.8,7.44730878186971
40000,1,3,72,182.88,10.5966347330961,182.88,12.5273087818697
50000,3,3,66,167.64,10.8197782844103,167.64,-2.71269121813032
1e+05,3,3,70,177.8,11.5129254649702,177.8,7.44730878186971
35000,1,3,69,175.26,10.4631033404715,175.26,4.90730878186969
24000,2,3,68,172.72,10.0858091093301,172.72,2.3673087818697
35000,2,3,74,187.96,10.4631033404715,187.96,17.6073087818697
30000,3,3,67,170.18,10.3089526606443,170.18,-0.172691218130296
5000,2,2,64,162.56,8.51719319141624,162.56,-7.7926912181303
148000,2,3,67,170.18,11.9049675527463,170.18,-0.172691218130296
30000,1,3,70,177.8,10.3089526606443,177.8,7.44730878186971
6500,1,3,64,162.56,8.77955745588373,162.56,-7.7926912181303
3000,2,3,62,157.48,8.00636756765025,157.48,-12.8726912181303
40000,2,3,68,172.72,10.5966347330961,172.72,2.3673087818697
30000,2,3,72,182.88,10.3089526606443,182.88,12.5273087818697
14000,2,3,63,160.02,9.5468126085974,160.02,-10.3326912181303
15000,1,3,69,175.26,9.61580548008435,175.26,4.90730878186969
26000,2,3,64,162.56,10.1658518170036,162.56,-7.7926912181303
8000,1,3,71,180.34,8.98719682066197,180.34,9.9873087818697
24000,1,1,64,162.56,10.0858091093301,162.56,-7.7926912181303
10000,1,3,61,154.94,9.21034037197618,154.94,-15.4126912181303
12000,1,3,68,172.72,9.39266192877014,172.72,2.3673087818697
50000,1,3,68,172.72,10.8197782844103,172.72,2.3673087818697
23000,1,3,64,162.56,10.0432494949113,162.56,-7.7926912181303
40000,1,1,66,167.64,10.5966347330961,167.64,-2.71269121813032
6000,1,1,62,157.48,8.69951474821019,157.48,-12.8726912181303
5000,1,1,65,165.1,8.51719319141624,165.1,-5.25269121813031
110000,2,3,66,167.64,11.6082356447746,167.64,-2.71269121813032
41000,1,2,72,182.88,10.6213273456864,182.88,12.5273087818697
21000,1,3,70,177.8,9.95227771670556,177.8,7.44730878186971
4000,1,3,62,157.48,8.29404964010203,157.48,-12.8726912181303
25000,2,3,71,180.34,10.1266311038503,180.34,9.9873087818697
30000,2,3,70,177.8,10.3089526606443,177.8,7.44730878186971
14000,3,3,64,162.56,9.5468126085974,162.56,-7.7926912181303
6000,2,3,63,160.02,8.69951474821019,160.02,-10.3326912181303
14000,2,3,65,165.1,9.5468126085974,165.1,-5.25269121813031
43000,1,3,71,180.34,10.6689553946757,180.34,9.9873087818697
25000,1,3,62,157.48,10.1266311038503,157.48,-12.8726912181303
65000,2,3,68,172.72,11.0821425488778,172.72,2.3673087818697
16000,1,3,76,193.04,9.68034400122192,193.04,22.6873087818697
20000,2,3,64,162.56,9.90348755253613,162.56,-7.7926912181303
12000,1,3,66,167.64,9.39266192877014,167.64,-2.71269121813032
8000,1,3,63,160.02,8.98719682066197,160.02,-10.3326912181303
16000,1,3,63,160.02,9.68034400122192,160.02,-10.3326912181303
19000,1,3,70,177.8,9.85219425814858,177.8,7.44730878186971
21000,2,3,68,172.72,9.95227771670556,172.72,2.3673087818697
43000,2,3,70,177.8,10.6689553946757,177.8,7.44730878186971
35000,1,3,69,175.26,10.4631033404715,175.26,4.90730878186969
21000,2,3,63,160.02,9.95227771670556,160.02,-10.3326912181303
5800,1,3,65,165.1,8.66561319653451,165.1,-5.25269121813031
17000,2,3,69,175.26,9.74096862303835,175.26,4.90730878186969
24000,2,3,68,172.72,10.0858091093301,172.72,2.3673087818697
11000,1,3,66,167.64,9.30565055178051,167.64,-2.71269121813032
10000,1,3,65,165.1,9.21034037197618,165.1,-5.25269121813031
40000,2,3,70,177.8,10.5966347330961,177.8,7.44730878186971
40000,2,3,70,177.8,10.5966347330961,177.8,7.44730878186971
24000,1,1,66,167.64,10.0858091093301,167.64,-2.71269121813032
24000,1,3,68,172.72,10.0858091093301,172.72,2.3673087818697
20000,1,3,68,172.72,9.90348755253613,172.72,2.3673087818697
60000,3,3,70,177.8,11.0020998412042,177.8,7.44730878186971
11000,2,3,65,165.1,9.30565055178051,165.1,-5.25269121813031
5000,2,3,64,162.56,8.51719319141624,162.56,-7.7926912181303
27000,1,3,65,165.1,10.2035921449865,165.1,-5.25269121813031
89000,2,3,77,195.58,11.3963916487143,195.58,25.2273087818697
40000,1,3,70,177.8,10.5966347330961,177.8,7.44730878186971
15000,1,3,64,162.56,9.61580548008435,162.56,-7.7926912181303
1000,1,3,64,162.56,6.90775527898214,162.56,-7.7926912181303
22000,3,3,64,162.56,9.99879773234045,162.56,-7.7926912181303
12000,2,3,64,162.56,9.39266192877014,162.56,-7.7926912181303
22000,1,3,63,160.02,9.99879773234045,160.02,-10.3326912181303
40000,3,1,58,147.32,10.5966347330961,147.32,-23.0326912181303
40000,2,3,62,157.48,10.5966347330961,157.48,-12.8726912181303
35000,3,2,64,162.56,10.4631033404715,162.56,-7.7926912181303
7000,1,3,64,162.56,8.85366542803745,162.56,-7.7926912181303
14000,2,3,62,157.48,9.5468126085974,157.48,-12.8726912181303
15000,3,3,64,162.56,9.61580548008435,162.56,-7.7926912181303
6000,1,3,66,167.64,8.69951474821019,167.64,-2.71269121813032
11000,2,1,69,175.26,9.30565055178051,175.26,4.90730878186969
10000,1,3,64,162.56,9.21034037197618,162.56,-7.7926912181303
20000,2,3,71,180.34,9.90348755253613,180.34,9.9873087818697
38000,2,3,68,172.72,10.5453414387085,172.72,2.3673087818697
29000,3,3,68,172.72,10.2750511089686,172.72,2.3673087818697
20000,2,3,62,157.48,9.90348755253613,157.48,-12.8726912181303
8000,3,3,63,160.02,8.98719682066197,160.02,-10.3326912181303
36000,3,3,69,175.26,10.4912742174382,175.26,4.90730878186969
1500,2,3,67,170.18,7.3132203870903,170.18,-0.172691218130296
42000,1,3,64,162.56,10.6454248972655,162.56,-7.7926912181303
25000,1,3,70,177.8,10.1266311038503,177.8,7.44730878186971
13000,1,3,69,175.26,9.47270463644367,175.26,4.90730878186969
30000,3,1,69,175.26,10.3089526606443,175.26,4.90730878186969
7000,1,3,69,175.26,8.85366542803745,175.26,4.90730878186969
31000,2,1,60,152.4,10.3417424834673,152.4,-17.9526912181303
15000,2,1,66,167.64,9.61580548008435,167.64,-2.71269121813032
50000,2,3,67,170.18,10.8197782844103,170.18,-0.172691218130296
5000,1,3,66,167.64,8.51719319141624,167.64,-2.71269121813032
600,1,1,70,177.8,6.39692965521615,177.8,7.44730878186971
14000,3,1,64,162.56,9.5468126085974,162.56,-7.7926912181303
40000,2,4,60,152.4,10.5966347330961,152.4,-17.9526912181303
24000,2,3,68,172.72,10.0858091093301,172.72,2.3673087818697
22000,1,1,73,185.42,9.99879773234045,185.42,15.0673087818697
20000,2,3,72,182.88,9.90348755253613,182.88,12.5273087818697
20112,2,3,64,162.56,9.90907193083003,162.56,-7.7926912181303
41000,2,3,67,170.18,10.6213273456864,170.18,-0.172691218130296
13000,3,1,71,180.34,9.47270463644367,180.34,9.9873087818697
60000,1,3,73,185.42,11.0020998412042,185.42,15.0673087818697
24000,1,3,70,177.8,10.0858091093301,177.8,7.44730878186971
38000,2,3,70,177.8,10.5453414387085,177.8,7.44730878186971
3000,1,3,71,180.34,8.00636756765025,180.34,9.9873087818697
13000,1,3,66,167.64,9.47270463644367,167.64,-2.71269121813032
5000,1,3,75,190.5,8.51719319141624,190.5,20.1473087818697
20000,2,3,60,152.4,9.90348755253613,152.4,-17.9526912181303
22000,1,3,72,182.88,9.99879773234045,182.88,12.5273087818697
28000,3,1,75,190.5,10.2399597891573,190.5,20.1473087818697
22000,2,3,60,152.4,9.99879773234045,152.4,-17.9526912181303
30000,2,1,73,185.42,10.3089526606443,185.42,15.0673087818697
30000,1,1,65,165.1,10.3089526606443,165.1,-5.25269121813031
30000,1,3,67,170.18,10.3089526606443,170.18,-0.172691218130296
26000,2,3,69,175.26,10.1658518170036,175.26,4.90730878186969
22000,1,3,64,162.56,9.99879773234045,162.56,-7.7926912181303
25000,1,3,70,177.8,10.1266311038503,177.8,7.44730878186971
11000,1,3,68,172.72,9.30565055178051,172.72,2.3673087818697
13000,3,3,62,157.48,9.47270463644367,157.48,-12.8726912181303
10000,2,3,64,162.56,9.21034037197618,162.56,-7.7926912181303
12000,2,3,68,172.72,9.39266192877014,172.72,2.3673087818697
7000,3,3,64,162.56,8.85366542803745,162.56,-7.7926912181303
57000,2,3,73,185.42,10.9508065468167,185.42,15.0673087818697
36000,2,3,73,185.42,10.4912742174382,185.42,15.0673087818697
29000,1,2,69,175.26,10.2750511089686,175.26,4.90730878186969
8000,1,3,68,172.72,8.98719682066197,172.72,2.3673087818697
3000,1,1,71,180.34,8.00636756765025,180.34,9.9873087818697
20000,2,3,66,167.64,9.90348755253613,167.64,-2.71269121813032
33000,3,3,66,167.64,10.4042628404486,167.64,-2.71269121813032
16000,1,3,70,177.8,9.68034400122192,177.8,7.44730878186971
8000,2,3,66,167.64,8.98719682066197,167.64,-2.71269121813032
32000,1,1,63,160.02,10.3734911817819,160.02,-10.3326912181303
14500,1,3,75,190.5,9.58190392840867,190.5,20.1473087818697
13000,1,3,67,170.18,9.47270463644367,170.18,-0.172691218130296
7000,1,3,63,160.02,8.85366542803745,160.02,-10.3326912181303
12000,2,1,69,175.26,9.39266192877014,175.26,4.90730878186969
19000,3,3,71,180.34,9.85219425814858,180.34,9.9873087818697
9000,3,3,62,157.48,9.10497985631836,157.48,-12.8726912181303
20000,2,1,65,165.1,9.90348755253613,165.1,-5.25269121813031
55000,2,2,72,182.88,10.9150884642146,182.88,12.5273087818697
10000,2,3,65,165.1,9.21034037197618,165.1,-5.25269121813031
13000,1,3,63,160.02,9.47270463644367,160.02,-10.3326912181303
20000,1,3,64,162.56,9.90348755253613,162.56,-7.7926912181303
30000,1,3,72,182.88,10.3089526606443,182.88,12.5273087818697
12000,1,3,64,162.56,9.39266192877014,162.56,-7.7926912181303
26000,1,3,70,177.8,10.1658518170036,177.8,7.44730878186971
12500,1,3,65,165.1,9.43348392329039,165.1,-5.25269121813031
8000,1,3,64,162.56,8.98719682066197,162.56,-7.7926912181303
15000,1,2,64,162.56,9.61580548008435,162.56,-7.7926912181303
65000,1,3,67,170.18,11.0821425488778,170.18,-0.172691218130296
25000,1,3,73,185.42,10.1266311038503,185.42,15.0673087818697
8000,1,2,73,185.42,8.98719682066197,185.42,15.0673087818697
15000,1,4,65,165.1,9.61580548008435,165.1,-5.25269121813031
12000,2,3,64,162.56,9.39266192877014,162.56,-7.7926912181303
35000,2,1,67,170.18,10.4631033404715,170.18,-0.172691218130296
40000,1,3,67,170.18,10.5966347330961,170.18,-0.172691218130296
29000,1,3,74,187.96,10.2750511089686,187.96,17.6073087818697
15000,1,3,63,160.02,9.61580548008435,160.02,-10.3326912181303
20000,2,3,74,187.96,9.90348755253613,187.96,17.6073087818697
3000,3,1,74,187.96,8.00636756765025,187.96,17.6073087818697
1000,1,1,63,160.02,6.90775527898214,160.02,-10.3326912181303
8000,1,1,62,157.48,8.98719682066197,157.48,-12.8726912181303
5000,1,3,62,157.48,8.51719319141624,157.48,-12.8726912181303
25000,1,3,67,170.18,10.1266311038503,170.18,-0.172691218130296
20000,3,3,69,175.26,9.90348755253613,175.26,4.90730878186969
30000,1,3,73,185.42,10.3089526606443,185.42,15.0673087818697
12000,2,3,63,160.02,9.39266192877014,160.02,-10.3326912181303
10000,1,3,67,170.18,9.21034037197618,170.18,-0.172691218130296
16000,1,3,69,175.26,9.68034400122192,175.26,4.90730878186969
45000,1,3,71,180.34,10.7144177687525,180.34,9.9873087818697
40000,3,3,72,182.88,10.5966347330961,182.88,12.5273087818697
19000,3,3,64,162.56,9.85219425814858,162.56,-7.7926912181303
17600,1,3,64,162.56,9.77565418102624,162.56,-7.7926912181303
30000,1,3,74,187.96,10.3089526606443,187.96,17.6073087818697
18000,2,3,62,157.48,9.7981270368783,157.48,-12.8726912181303
25000,2,3,65,165.1,10.1266311038503,165.1,-5.25269121813031
6000,3,3,60,152.4,8.69951474821019,152.4,-17.9526912181303
70000,2,3,69,175.26,11.1562505210315,175.26,4.90730878186969
15000,1,4,61,154.94,9.61580548008435,154.94,-15.4126912181303
25000,1,3,65,165.1,10.1266311038503,165.1,-5.25269121813031
35000,1,3,66,167.64,10.4631033404715,167.64,-2.71269121813032
18000,1,3,70,177.8,9.7981270368783,177.8,7.44730878186971
28000,1,1,72,182.88,10.2399597891573,182.88,12.5273087818697
15000,1,2,64,162.56,9.61580548008435,162.56,-7.7926912181303
22000,1,2,71,180.34,9.99879773234045,180.34,9.9873087818697
35000,1,3,73,185.42,10.4631033404715,185.42,15.0673087818697
18000,2,1,64,162.56,9.7981270368783,162.56,-7.7926912181303
35000,2,3,68,172.72,10.4631033404715,172.72,2.3673087818697
16400,1,1,64,162.56,9.70503661381229,162.56,-7.7926912181303
22000,2,1,66,167.64,9.99879773234045,167.64,-2.71269121813032
30000,3,3,67,170.18,10.3089526606443,170.18,-0.172691218130296
17000,1,2,64,162.56,9.74096862303835,162.56,-7.7926912181303
25000,2,1,64,162.56,10.1266311038503,162.56,-7.7926912181303
10000,3,3,62,157.48,9.21034037197618,157.48,-12.8726912181303
40000,2,3,69,175.26,10.5966347330961,175.26,4.90730878186969
12500,3,3,63,160.02,9.43348392329039,160.02,-10.3326912181303
35000,2,3,72,182.88,10.4631033404715,182.88,12.5273087818697
105000,2,3,75,190.5,11.5617156291397,190.5,20.1473087818697
1e+05,2,3,70,177.8,11.5129254649702,177.8,7.44730878186971
21000,3,3,69,175.26,9.95227771670556,175.26,4.90730878186969
10000,3,3,64,162.56,9.21034037197618,162.56,-7.7926912181303
33000,1,3,72,182.88,10.4042628404486,182.88,12.5273087818697
26000,1,3,69,175.26,10.1658518170036,175.26,4.90730878186969
18000,2,3,71,180.34,9.7981270368783,180.34,9.9873087818697
15000,3,3,59,149.86,9.61580548008435,149.86,-20.4926912181303
5000,1,3,68,172.72,8.51719319141624,172.72,2.3673087818697
60000,2,3,77,195.58,11.0020998412042,195.58,25.2273087818697
28000,2,1,70,177.8,10.2399597891573,177.8,7.44730878186971
42000,2,3,69,175.26,10.6454248972655,175.26,4.90730878186969
2000,1,3,63,160.02,7.60090245954208,160.02,-10.3326912181303
20000,1,1,73,185.42,9.90348755253613,185.42,15.0673087818697
28000,2,4,66,167.64,10.2399597891573,167.64,-2.71269121813032
10000,3,1,72,182.88,9.21034037197618,182.88,12.5273087818697
31000,1,1,72,182.88,10.3417424834673,182.88,12.5273087818697
17000,2,1,69,175.26,9.74096862303835,175.26,4.90730878186969
16000,2,3,67,170.18,9.68034400122192,170.18,-0.172691218130296
35000,2,3,66,167.64,10.4631033404715,167.64,-2.71269121813032
3000,1,3,67,170.18,8.00636756765025,170.18,-0.172691218130296
16000,2,3,68,172.72,9.68034400122192,172.72,2.3673087818697
35000,2,1,65,165.1,10.4631033404715,165.1,-5.25269121813031
27000,1,1,62,157.48,10.2035921449865,157.48,-12.8726912181303
25000,1,3,69,175.26,10.1266311038503,175.26,4.90730878186969
40000,2,3,70,177.8,10.5966347330961,177.8,7.44730878186971
45000,2,3,66,167.64,10.7144177687525,167.64,-2.71269121813032
14000,1,3,66,167.64,9.5468126085974,167.64,-2.71269121813032
25000,2,3,66,167.64,10.1266311038503,167.64,-2.71269121813032
40000,2,3,72,182.88,10.5966347330961,182.88,12.5273087818697
34000,2,3,69,175.26,10.4341158035983,175.26,4.90730878186969
40000,1,3,66,167.64,10.5966347330961,167.64,-2.71269121813032
35000,1,3,69,175.26,10.4631033404715,175.26,4.90730878186969
12000,3,2,60,152.4,9.39266192877014,152.4,-17.9526912181303
30000,2,3,65,165.1,10.3089526606443,165.1,-5.25269121813031
23000,2,3,62,157.48,10.0432494949113,157.48,-12.8726912181303
2000,1,3,67,170.18,7.60090245954208,170.18,-0.172691218130296
20000,1,3,67,170.18,9.90348755253613,170.18,-0.172691218130296
10000,3,1,68,172.72,9.21034037197618,172.72,2.3673087818697
60000,2,1,66,167.64,11.0020998412042,167.64,-2.71269121813032
12000,2,1,74,187.96,9.39266192877014,187.96,17.6073087818697
25000,3,3,65,165.1,10.1266311038503,165.1,-5.25269121813031
8000,1,3,68,172.72,8.98719682066197,172.72,2.3673087818697
2000,1,3,66,167.64,7.60090245954208,167.64,-2.71269121813032
18600,1,3,65,165.1,9.83091685970129,165.1,-5.25269121813031
20000,1,3,62,157.48,9.90348755253613,157.48,-12.8726912181303
1e+05,2,3,73,185.42,11.5129254649702,185.42,15.0673087818697
50000,2,3,62,157.48,10.8197782844103,157.48,-12.8726912181303
27000,2,3,70,177.8,10.2035921449865,177.8,7.44730878186971
1000,3,1,58,147.32,6.90775527898214,147.32,-23.0326912181303
18000,1,3,68,172.72,9.7981270368783,172.72,2.3673087818697
17000,1,3,67,170.18,9.74096862303835,170.18,-0.172691218130296
14000,2,3,70,177.8,9.5468126085974,177.8,7.44730878186971
33000,2,3,63,160.02,10.4042628404486,160.02,-10.3326912181303
23000,1,3,66,167.64,10.0432494949113,167.64,-2.71269121813032
10000,2,3,65,165.1,9.21034037197618,165.1,-5.25269121813031
22000,1,3,61,154.94,9.99879773234045,154.94,-15.4126912181303
13000,1,2,61,154.94,9.47270463644367,154.94,-15.4126912181303
33000,1,3,67,170.18,10.4042628404486,170.18,-0.172691218130296
36000,2,3,73,185.42,10.4912742174382,185.42,15.0673087818697
10000,1,1,71,180.34,9.21034037197618,180.34,9.9873087818697
6000,3,3,64,162.56,8.69951474821019,162.56,-7.7926912181303
12000,2,3,67,170.18,9.39266192877014,170.18,-0.172691218130296
10000,2,3,62,157.48,9.21034037197618,157.48,-12.8726912181303
21000,2,3,67,170.18,9.95227771670556,170.18,-0.172691218130296
26000,1,3,69,175.26,10.1658518170036,175.26,4.90730878186969
22000,3,1,66,167.64,9.99879773234045,167.64,-2.71269121813032
23000,3,1,66,167.64,10.0432494949113,167.64,-2.71269121813032
20000,1,3,66,167.64,9.90348755253613,167.64,-2.71269121813032
10000,2,3,66,167.64,9.21034037197618,167.64,-2.71269121813032
7000,1,1,72,182.88,8.85366542803745,182.88,12.5273087818697
15000,2,3,64,162.56,9.61580548008435,162.56,-7.7926912181303
26000,1,3,65,165.1,10.1658518170036,165.1,-5.25269121813031
10000,1,3,72,182.88,9.21034037197618,182.88,12.5273087818697
3000,1,3,71,180.34,8.00636756765025,180.34,9.9873087818697
27000,2,2,64,162.56,10.2035921449865,162.56,-7.7926912181303
28000,1,3,64,162.56,10.2399597891573,162.56,-7.7926912181303
15000,1,3,67,170.18,9.61580548008435,170.18,-0.172691218130296
55000,1,3,75,190.5,10.9150884642146,190.5,20.1473087818697
20000,1,2,66,167.64,9.90348755253613,167.64,-2.71269121813032
8500,2,3,67,170.18,9.04782144247841,170.18,-0.172691218130296
30000,1,3,71,180.34,10.3089526606443,180.34,9.9873087818697
20000,1,3,68,172.72,9.90348755253613,172.72,2.3673087818697
25000,1,3,67,170.18,10.1266311038503,170.18,-0.172691218130296
3000,1,3,71,180.34,8.00636756765025,180.34,9.9873087818697
16000,2,3,63,160.02,9.68034400122192,160.02,-10.3326912181303
10000,2,1,61,154.94,9.21034037197618,154.94,-15.4126912181303
15000,1,1,65,165.1,9.61580548008435,165.1,-5.25269121813031
28000,2,3,67,170.18,10.2399597891573,170.18,-0.172691218130296
31500,2,3,65,165.1,10.3577428248137,165.1,-5.25269121813031
95000,3,3,66,167.64,11.4616321705827,167.64,-2.71269121813032
38000,2,3,67,170.18,10.5453414387085,170.18,-0.172691218130296
30000,2,3,74,187.96,10.3089526606443,187.96,17.6073087818697
35900,2,3,74,187.96,10.4884925744764,187.96,17.6073087818697
12000,1,3,66,167.64,9.39266192877014,167.64,-2.71269121813032
10000,1,3,69,175.26,9.21034037197618,175.26,4.90730878186969
45000,2,3,66,167.64,10.7144177687525,167.64,-2.71269121813032
40000,3,3,74,187.96,10.5966347330961,187.96,17.6073087818697
21500,1,3,72,182.88,9.97580821411575,182.88,12.5273087818697
14000,3,3,66,167.64,9.5468126085974,167.64,-2.71269121813032
38000,3,4,67,170.18,10.5453414387085,170.18,-0.172691218130296
1000,1,3,65,165.1,6.90775527898214,165.1,-5.25269121813031
15000,1,3,65,165.1,9.61580548008435,165.1,-5.25269121813031
24000,2,3,68,172.72,10.0858091093301,172.72,2.3673087818697
4500,1,3,64,162.56,8.41183267575841,162.56,-7.7926912181303
18000,3,3,64,162.56,9.7981270368783,162.56,-7.7926912181303
14000,1,3,63,160.02,9.5468126085974,160.02,-10.3326912181303
10000,1,3,69,175.26,9.21034037197618,175.26,4.90730878186969
9500,1,3,67,170.18,9.15904707758863,170.18,-0.172691218130296
6000,1,3,60,152.4,8.69951474821019,152.4,-17.9526912181303
2500,3,3,62,157.48,7.82404601085629,157.48,-12.8726912181303
40000,2,3,72,182.88,10.5966347330961,182.88,12.5273087818697
25000,2,3,67,170.18,10.1266311038503,170.18,-0.172691218130296
28000,3,1,66,167.64,10.2399597891573,167.64,-2.71269121813032
33000,2,1,66,167.64,10.4042628404486,167.64,-2.71269121813032
4000,3,3,60,152.4,8.29404964010203,152.4,-17.9526912181303
4100,1,3,65,165.1,8.3187422526924,165.1,-5.25269121813031
32000,1,3,72,182.88,10.3734911817819,182.88,12.5273087818697
13000,3,3,64,162.56,9.47270463644367,162.56,-7.7926912181303
8000,1,2,64,162.56,8.98719682066197,162.56,-7.7926912181303
17000,2,3,64,162.56,9.74096862303835,162.56,-7.7926912181303
18000,1,3,66,167.64,9.7981270368783,167.64,-2.71269121813032
12000,1,3,73,185.42,9.39266192877014,185.42,15.0673087818697
7000,2,3,74,187.96,8.85366542803745,187.96,17.6073087818697
1200,1,3,65,165.1,7.09007683577609,165.1,-5.25269121813031
14000,1,3,63,160.02,9.5468126085974,160.02,-10.3326912181303
17000,2,3,63,160.02,9.74096862303835,160.02,-10.3326912181303
30000,2,3,66,167.64,10.3089526606443,167.64,-2.71269121813032
25000,3,3,70,177.8,10.1266311038503,177.8,7.44730878186971
22000,1,2,66,167.64,9.99879773234045,167.64,-2.71269121813032
15000,1,3,63,160.02,9.61580548008435,160.02,-10.3326912181303
20000,1,3,63,160.02,9.90348755253613,160.02,-10.3326912181303
9000,1,3,69,175.26,9.10497985631836,175.26,4.90730878186969
17000,1,3,73,185.42,9.74096862303835,185.42,15.0673087818697
1800,2,3,68,172.72,7.49554194388426,172.72,2.3673087818697
18000,2,3,64,162.56,9.7981270368783,162.56,-7.7926912181303
25000,2,3,63,160.02,10.1266311038503,160.02,-10.3326912181303
20000,2,1,70,177.8,9.90348755253613,177.8,7.44730878186971
75000,2,3,64,162.56,11.2252433925184,162.56,-7.7926912181303
3500,2,3,66,167.64,8.1605182474775,167.64,-2.71269121813032
30000,1,3,72,182.88,10.3089526606443,182.88,12.5273087818697
1000,1,3,64,162.56,6.90775527898214,162.56,-7.7926912181303
9000,1,3,67,170.18,9.10497985631836,170.18,-0.172691218130296
11000,3,3,66,167.64,9.30565055178051,167.64,-2.71269121813032
12000,3,3,71,180.34,9.39266192877014,180.34,9.9873087818697
30000,2,3,71,180.34,10.3089526606443,180.34,9.9873087818697
19000,3,1,71,180.34,9.85219425814858,180.34,9.9873087818697
9000,3,3,74,187.96,9.10497985631836,187.96,17.6073087818697
30000,1,3,75,190.5,10.3089526606443,190.5,20.1473087818697
9000,1,3,72,182.88,9.10497985631836,182.88,12.5273087818697
15000,1,2,66,167.64,9.61580548008435,167.64,-2.71269121813032
8000,1,1,65,165.1,8.98719682066197,165.1,-5.25269121813031
33000,2,3,72,182.88,10.4042628404486,182.88,12.5273087818697
12000,1,2,60,152.4,9.39266192877014,152.4,-17.9526912181303
18000,2,3,64,162.56,9.7981270368783,162.56,-7.7926912181303
30000,3,3,65,165.1,10.3089526606443,165.1,-5.25269121813031
12500,1,3,65,165.1,9.43348392329039,165.1,-5.25269121813031
10000,2,1,62,157.48,9.21034037197618,157.48,-12.8726912181303
21000,2,1,73,185.42,9.95227771670556,185.42,15.0673087818697
21000,1,3,68,172.72,9.95227771670556,172.72,2.3673087818697
5000,3,3,66,167.64,8.51719319141624,167.64,-2.71269121813032
22000,2,3,71,180.34,9.99879773234045,180.34,9.9873087818697
30000,1,3,73,185.42,10.3089526606443,185.42,15.0673087818697
123000,3,3,61,154.94,11.7199396343546,154.94,-15.4126912181303
8000,2,3,63,160.02,8.98719682066197,160.02,-10.3326912181303
2000,1,3,64,162.56,7.60090245954208,162.56,-7.7926912181303
7600,3,3,67,170.18,8.93590352627442,170.18,-0.172691218130296
10000,1,3,63,160.02,9.21034037197618,160.02,-10.3326912181303
35000,2,3,73,185.42,10.4631033404715,185.42,15.0673087818697
15000,3,3,66,167.64,9.61580548008435,167.64,-2.71269121813032
4000,1,3,70,177.8,8.29404964010203,177.8,7.44730878186971
16000,1,3,68,172.72,9.68034400122192,172.72,2.3673087818697
200,1,3,67,170.18,5.29831736654804,170.18,-0.172691218130296
23000,1,3,74,187.96,10.0432494949113,187.96,17.6073087818697
16000,1,3,64,162.56,9.68034400122192,162.56,-7.7926912181303
6000,2,3,60,152.4,8.69951474821019,152.4,-17.9526912181303
600,2,3,59,149.86,6.39692965521615,149.86,-20.4926912181303
28000,1,4,75,190.5,10.2399597891573,190.5,20.1473087818697
15000,2,3,64,162.56,9.61580548008435,162.56,-7.7926912181303
15000,1,3,71,180.34,9.61580548008435,180.34,9.9873087818697
25000,1,3,63,160.02,10.1266311038503,160.02,-10.3326912181303
15000,1,3,67,170.18,9.61580548008435,170.18,-0.172691218130296
40000,2,3,69,175.26,10.5966347330961,175.26,4.90730878186969
30000,3,3,70,177.8,10.3089526606443,177.8,7.44730878186971
5000,1,3,66,167.64,8.51719319141624,167.64,-2.71269121813032
35000,1,3,74,187.96,10.4631033404715,187.96,17.6073087818697
16000,1,3,65,165.1,9.68034400122192,165.1,-5.25269121813031
28000,2,3,64,162.56,10.2399597891573,162.56,-7.7926912181303
20000,2,3,68,172.72,9.90348755253613,172.72,2.3673087818697
21000,1,3,66,167.64,9.95227771670556,167.64,-2.71269121813032
17000,2,1,69,175.26,9.74096862303835,175.26,4.90730878186969
24000,3,3,60,152.4,10.0858091093301,152.4,-17.9526912181303
40000,2,3,75,190.5,10.5966347330961,190.5,20.1473087818697
8000,1,3,64,162.56,8.98719682066197,162.56,-7.7926912181303
19000,2,2,63,160.02,9.85219425814858,160.02,-10.3326912181303
5000,1,1,64,162.56,8.51719319141624,162.56,-7.7926912181303
24000,2,1,63,160.02,10.0858091093301,160.02,-10.3326912181303
5000,1,3,67,170.18,8.51719319141624,170.18,-0.172691218130296
33000,1,3,66,167.64,10.4042628404486,167.64,-2.71269121813032
24000,1,3,65,165.1,10.0858091093301,165.1,-5.25269121813031
6000,1,3,63,160.02,8.69951474821019,160.02,-10.3326912181303
90000,3,3,66,167.64,11.4075649493124,167.64,-2.71269121813032
57000,2,3,64,162.56,10.9508065468167,162.56,-7.7926912181303
13800,3,3,71,180.34,9.5324238711453,180.34,9.9873087818697
30000,2,3,71,180.34,10.3089526606443,180.34,9.9873087818697
15000,2,3,72,182.88,9.61580548008435,182.88,12.5273087818697
31000,1,3,70,177.8,10.3417424834673,177.8,7.44730878186971
33000,2,3,74,187.96,10.4042628404486,187.96,17.6073087818697
30000,3,3,68,172.72,10.3089526606443,172.72,2.3673087818697
12000,2,3,74,187.96,9.39266192877014,187.96,17.6073087818697
5000,1,3,75,190.5,8.51719319141624,190.5,20.1473087818697
21000,3,3,68,172.72,9.95227771670556,172.72,2.3673087818697
28000,2,3,63,160.02,10.2399597891573,160.02,-10.3326912181303
12000,1,3,72,182.88,9.39266192877014,182.88,12.5273087818697
19000,2,3,64,162.56,9.85219425814858,162.56,-7.7926912181303
6000,2,3,63,160.02,8.69951474821019,160.02,-10.3326912181303
5300,3,3,66,167.64,8.57546209954021,167.64,-2.71269121813032
15000,1,3,61,154.94,9.61580548008435,154.94,-15.4126912181303
17000,2,3,73,185.42,9.74096862303835,185.42,15.0673087818697
1700,1,3,65,165.1,7.43838353004431,165.1,-5.25269121813031
5400,1,3,62,157.48,8.59415423255237,157.48,-12.8726912181303
10000,1,3,68,172.72,9.21034037197618,172.72,2.3673087818697
35000,2,3,68,172.72,10.4631033404715,172.72,2.3673087818697
28000,2,3,63,160.02,10.2399597891573,160.02,-10.3326912181303
42000,2,3,63,160.02,10.6454248972655,160.02,-10.3326912181303
45000,3,3,68,172.72,10.7144177687525,172.72,2.3673087818697
55000,3,3,64,162.56,10.9150884642146,162.56,-7.7926912181303
36000,1,3,70,177.8,10.4912742174382,177.8,7.44730878186971
25000,1,3,70,177.8,10.1266311038503,177.8,7.44730878186971
19000,1,3,72,182.88,9.85219425814858,182.88,12.5273087818697
38000,3,3,69,175.26,10.5453414387085,175.26,4.90730878186969
15000,2,3,63,160.02,9.61580548008435,160.02,-10.3326912181303
96000,1,3,63,160.02,11.47210347045,160.02,-10.3326912181303
11000,2,3,63,160.02,9.30565055178051,160.02,-10.3326912181303
9000,1,3,73,185.42,9.10497985631836,185.42,15.0673087818697
5000,1,3,69,175.26,8.51719319141624,175.26,4.90730878186969
50000,3,3,70,177.8,10.8197782844103,177.8,7.44730878186971
6000,2,3,65,165.1,8.69951474821019,165.1,-5.25269121813031
1e+05,1,3,72,182.88,11.5129254649702,182.88,12.5273087818697
16500,2,3,62,157.48,9.71111565988867,157.48,-12.8726912181303
32000,2,3,72,182.88,10.3734911817819,182.88,12.5273087818697
30000,2,3,73,185.42,10.3089526606443,185.42,15.0673087818697
10000,2,3,68,172.72,9.21034037197618,172.72,2.3673087818697
15000,1,3,66,167.64,9.61580548008435,167.64,-2.71269121813032
26000,3,3,60,152.4,10.1658518170036,152.4,-17.9526912181303
17000,3,3,65,165.1,9.74096862303835,165.1,-5.25269121813031
22000,3,4,63,160.02,9.99879773234045,160.02,-10.3326912181303
10000,2,3,64,162.56,9.21034037197618,162.56,-7.7926912181303
50000,3,3,71,180.34,10.8197782844103,180.34,9.9873087818697
20000,2,3,67,170.18,9.90348755253613,170.18,-0.172691218130296
400,1,3,63,160.02,5.99146454710798,160.02,-10.3326912181303
16000,3,3,65,165.1,9.68034400122192,165.1,-5.25269121813031
14000,3,3,63,160.02,9.5468126085974,160.02,-10.3326912181303
5000,1,3,65,165.1,8.51719319141624,165.1,-5.25269121813031
40000,1,3,74,187.96,10.5966347330961,187.96,17.6073087818697
5000,3,3,67,170.18,8.51719319141624,170.18,-0.172691218130296
25000,2,3,68,172.72,10.1266311038503,172.72,2.3673087818697
12000,3,3,65,165.1,9.39266192877014,165.1,-5.25269121813031
58000,1,3,64,162.56,10.9681982895286,162.56,-7.7926912181303
18000,1,3,68,172.72,9.7981270368783,172.72,2.3673087818697
1000,1,3,65,165.1,6.90775527898214,165.1,-5.25269121813031
21000,2,3,72,182.88,9.95227771670556,182.88,12.5273087818697
11000,3,1,66,167.64,9.30565055178051,167.64,-2.71269121813032
13000,2,3,64,162.56,9.47270463644367,162.56,-7.7926912181303
25000,2,1,72,182.88,10.1266311038503,182.88,12.5273087818697
600,2,3,64,162.56,6.39692965521615,162.56,-7.7926912181303
25000,1,1,67,170.18,10.1266311038503,170.18,-0.172691218130296
36000,1,3,68,172.72,10.4912742174382,172.72,2.3673087818697
15000,1,4,64,162.56,9.61580548008435,162.56,-7.7926912181303
3500,3,3,66,167.64,8.1605182474775,167.64,-2.71269121813032
19005,1,3,65,165.1,9.85245738142335,165.1,-5.25269121813031
62000,3,3,70,177.8,11.0348896640272,177.8,7.44730878186971
25000,2,3,70,177.8,10.1266311038503,177.8,7.44730878186971
50000,3,3,66,167.64,10.8197782844103,167.64,-2.71269121813032
40000,3,3,66,167.64,10.5966347330961,167.64,-2.71269121813032
26000,1,3,74,187.96,10.1658518170036,187.96,17.6073087818697
22000,2,3,62,157.48,9.99879773234045,157.48,-12.8726912181303
21000,2,3,66,167.64,9.95227771670556,167.64,-2.71269121813032
30000,3,1,65,165.1,10.3089526606443,165.1,-5.25269121813031
27000,1,3,71,180.34,10.2035921449865,180.34,9.9873087818697
4000,2,3,66,167.64,8.29404964010203,167.64,-2.71269121813032
45000,2,3,67,170.18,10.7144177687525,170.18,-0.172691218130296
18000,2,3,61,154.94,9.7981270368783,154.94,-15.4126912181303
6000,1,3,66,167.64,8.69951474821019,167.64,-2.71269121813032
14000,1,3,72,182.88,9.5468126085974,182.88,12.5273087818697
35000,1,3,69,175.26,10.4631033404715,175.26,4.90730878186969
15000,1,3,64,162.56,9.61580548008435,162.56,-7.7926912181303
12000,1,1,63,160.02,9.39266192877014,160.02,-10.3326912181303
1000,2,3,60,152.4,6.90775527898214,152.4,-17.9526912181303
32000,1,1,70,177.8,10.3734911817819,177.8,7.44730878186971
1500,1,3,73,185.42,7.3132203870903,185.42,15.0673087818697
3000,1,1,65,165.1,8.00636756765025,165.1,-5.25269121813031
35000,2,3,64,162.56,10.4631033404715,162.56,-7.7926912181303
70000,2,3,72,182.88,11.1562505210315,182.88,12.5273087818697
21000,1,3,67,170.18,9.95227771670556,170.18,-0.172691218130296
50000,1,3,69,175.26,10.8197782844103,175.26,4.90730878186969
15000,1,3,71,180.34,9.61580548008435,180.34,9.9873087818697
9000,2,1,66,167.64,9.10497985631836,167.64,-2.71269121813032
10000,1,1,63,160.02,9.21034037197618,160.02,-10.3326912181303
30000,2,3,71,180.34,10.3089526606443,180.34,9.9873087818697
16000,1,3,72,182.88,9.68034400122192,182.88,12.5273087818697
20000,3,3,68,172.72,9.90348755253613,172.72,2.3673087818697
1e+05,3,3,72,182.88,11.5129254649702,182.88,12.5273087818697
10000,2,3,66,167.64,9.21034037197618,167.64,-2.71269121813032
35000,3,3,66,167.64,10.4631033404715,167.64,-2.71269121813032
7000,1,3,65,165.1,8.85366542803745,165.1,-5.25269121813031
8000,1,1,71,180.34,8.98719682066197,180.34,9.9873087818697
11000,3,3,74,187.96,9.30565055178051,187.96,17.6073087818697
25000,2,3,70,177.8,10.1266311038503,177.8,7.44730878186971
25000,2,3,64,162.56,10.1266311038503,162.56,-7.7926912181303
30000,2,3,69,175.26,10.3089526606443,175.26,4.90730878186969
48000,1,3,63,160.02,10.77895628989,160.02,-10.3326912181303
17000,2,3,68,172.72,9.74096862303835,172.72,2.3673087818697
26000,1,3,73,185.42,10.1658518170036,185.42,15.0673087818697
10000,3,3,63,160.02,9.21034037197618,160.02,-10.3326912181303
60000,3,3,71,180.34,11.0020998412042,180.34,9.9873087818697
22000,1,3,65,165.1,9.99879773234045,165.1,-5.25269121813031
24000,1,3,65,165.1,10.0858091093301,165.1,-5.25269121813031
20000,2,3,71,180.34,9.90348755253613,180.34,9.9873087818697
7000,1,3,70,177.8,8.85366542803745,177.8,7.44730878186971
30000,2,1,68,172.72,10.3089526606443,172.72,2.3673087818697
23000,1,3,66,167.64,10.0432494949113,167.64,-2.71269121813032
20000,2,3,64,162.56,9.90348755253613,162.56,-7.7926912181303
3000,1,3,66,167.64,8.00636756765025,167.64,-2.71269121813032
30000,2,3,70,177.8,10.3089526606443,177.8,7.44730878186971
12000,1,3,64,162.56,9.39266192877014,162.56,-7.7926912181303
40000,2,3,71,180.34,10.5966347330961,180.34,9.9873087818697
15000,1,3,64,162.56,9.61580548008435,162.56,-7.7926912181303
36000,2,3,63,160.02,10.4912742174382,160.02,-10.3326912181303
10000,3,3,66,167.64,9.21034037197618,167.64,-2.71269121813032
13000,2,3,68,172.72,9.47270463644367,172.72,2.3673087818697
10000,1,1,62,157.48,9.21034037197618,157.48,-12.8726912181303
30000,2,1,69,175.26,10.3089526606443,175.26,4.90730878186969
23000,1,3,64,162.56,10.0432494949113,162.56,-7.7926912181303
28000,3,1,64,162.56,10.2399597891573,162.56,-7.7926912181303
20000,1,3,69,175.26,9.90348755253613,175.26,4.90730878186969
25000,1,3,74,187.96,10.1266311038503,187.96,17.6073087818697
25000,3,3,68,172.72,10.1266311038503,172.72,2.3673087818697
18000,2,3,67,170.18,9.7981270368783,170.18,-0.172691218130296
16000,1,3,72,182.88,9.68034400122192,182.88,12.5273087818697
45000,2,3,73,185.42,10.7144177687525,185.42,15.0673087818697
12000,2,3,64,162.56,9.39266192877014,162.56,-7.7926912181303
2000,1,3,68,172.72,7.60090245954208,172.72,2.3673087818697
10000,1,3,63,160.02,9.21034037197618,160.02,-10.3326912181303
14000,2,3,71,180.34,9.5468126085974,180.34,9.9873087818697
15000,1,3,64,162.56,9.61580548008435,162.56,-7.7926912181303
10000,2,3,60,152.4,9.21034037197618,152.4,-17.9526912181303
1200,3,3,66,167.64,7.09007683577609,167.64,-2.71269121813032
15000,3,3,59,149.86,9.61580548008435,149.86,-20.4926912181303
10000,3,3,63,160.02,9.21034037197618,160.02,-10.3326912181303
2000,1,3,66,167.64,7.60090245954208,167.64,-2.71269121813032
4000,1,3,65,165.1,8.29404964010203,165.1,-5.25269121813031
10000,1,3,64,162.56,9.21034037197618,162.56,-7.7926912181303
1500,1,3,66,167.64,7.3132203870903,167.64,-2.71269121813032
18000,1,2,66,167.64,9.7981270368783,167.64,-2.71269121813032
4000,1,3,73,185.42,8.29404964010203,185.42,15.0673087818697
28000,1,3,72,182.88,10.2399597891573,182.88,12.5273087818697
10000,1,3,74,187.96,9.21034037197618,187.96,17.6073087818697
3000,1,3,65,165.1,8.00636756765025,165.1,-5.25269121813031
12000,1,3,71,180.34,9.39266192877014,180.34,9.9873087818697
19000,2,3,68,172.72,9.85219425814858,172.72,2.3673087818697
36000,2,3,70,177.8,10.4912742174382,177.8,7.44730878186971
7000,3,3,64,162.56,8.85366542803745,162.56,-7.7926912181303
35000,1,3,59,149.86,10.4631033404715,149.86,-20.4926912181303
40000,2,3,68,172.72,10.5966347330961,172.72,2.3673087818697
15000,1,3,68,172.72,9.61580548008435,172.72,2.3673087818697
8000,2,3,69,175.26,8.98719682066197,175.26,4.90730878186969
25000,3,3,69,175.26,10.1266311038503,175.26,4.90730878186969
28000,2,3,75,190.5,10.2399597891573,190.5,20.1473087818697
22000,2,3,69,175.26,9.99879773234045,175.26,4.90730878186969
21500,1,1,72,182.88,9.97580821411575,182.88,12.5273087818697
3000,1,3,68,172.72,8.00636756765025,172.72,2.3673087818697
23000,1,3,72,182.88,10.0432494949113,182.88,12.5273087818697
16000,2,2,63,160.02,9.68034400122192,160.02,-10.3326912181303
15000,1,3,69,175.26,9.61580548008435,175.26,4.90730878186969
53000,1,2,63,160.02,10.8780471925343,160.02,-10.3326912181303
26000,1,3,72,182.88,10.1658518170036,182.88,12.5273087818697
4000,1,4,65,165.1,8.29404964010203,165.1,-5.25269121813031
10000,3,3,73,185.42,9.21034037197618,185.42,15.0673087818697
43000,3,3,69,175.26,10.6689553946757,175.26,4.90730878186969
17000,1,4,69,175.26,9.74096862303835,175.26,4.90730878186969
4000,2,2,61,154.94,8.29404964010203,154.94,-15.4126912181303
50000,2,3,73,185.42,10.8197782844103,185.42,15.0673087818697
55000,3,3,67,170.18,10.9150884642146,170.18,-0.172691218130296
28000,2,3,63,160.02,10.2399597891573,160.02,-10.3326912181303
5000,2,3,62,157.48,8.51719319141624,157.48,-12.8726912181303
18000,2,3,65,165.1,9.7981270368783,165.1,-5.25269121813031
21000,3,2,72,182.88,9.95227771670556,182.88,12.5273087818697
12000,1,3,67,170.18,9.39266192877014,170.18,-0.172691218130296
33000,3,2,65,165.1,10.4042628404486,165.1,-5.25269121813031
50000,3,2,72,182.88,10.8197782844103,182.88,12.5273087818697
16000,3,3,64,162.56,9.68034400122192,162.56,-7.7926912181303
35000,3,3,68,172.72,10.4631033404715,172.72,2.3673087818697
25000,2,3,68,172.72,10.1266311038503,172.72,2.3673087818697
20000,1,3,76,193.04,9.90348755253613,193.04,22.6873087818697
18000,2,3,63,160.02,9.7981270368783,160.02,-10.3326912181303
25000,1,3,68,172.72,10.1266311038503,172.72,2.3673087818697
40000,1,3,72,182.88,10.5966347330961,182.88,12.5273087818697
14000,2,3,64,162.56,9.5468126085974,162.56,-7.7926912181303
12000,2,3,68,172.72,9.39266192877014,172.72,2.3673087818697
25000,1,3,61,154.94,10.1266311038503,154.94,-15.4126912181303
38000,3,3,67,170.18,10.5453414387085,170.18,-0.172691218130296
14000,1,3,63,160.02,9.5468126085974,160.02,-10.3326912181303
15000,2,3,60,152.4,9.61580548008435,152.4,-17.9526912181303
17000,1,3,74,187.96,9.74096862303835,187.96,17.6073087818697
18000,3,2,62,157.48,9.7981270368783,157.48,-12.8726912181303
70000,2,3,72,182.88,11.1562505210315,182.88,12.5273087818697
30000,3,3,65,165.1,10.3089526606443,165.1,-5.25269121813031
8000,3,3,62,157.48,8.98719682066197,157.48,-12.8726912181303
30000,1,3,71,180.34,10.3089526606443,180.34,9.9873087818697
27000,1,3,71,180.34,10.2035921449865,180.34,9.9873087818697
47000,2,3,70,177.8,10.7579028806922,177.8,7.44730878186971
12000,1,2,67,170.18,9.39266192877014,170.18,-0.172691218130296
24000,1,3,62,157.48,10.0858091093301,157.48,-12.8726912181303
13000,2,2,63,160.02,9.47270463644367,160.02,-10.3326912181303
80000,2,3,61,154.94,11.289781913656,154.94,-15.4126912181303
5000,1,3,72,182.88,8.51719319141624,182.88,12.5273087818697
25000,3,3,63,160.02,10.1266311038503,160.02,-10.3326912181303
28000,2,3,66,167.64,10.2399597891573,167.64,-2.71269121813032
8000,1,3,64,162.56,8.98719682066197,162.56,-7.7926912181303
10000,3,3,66,167.64,9.21034037197618,167.64,-2.71269121813032
9000,2,3,68,172.72,9.10497985631836,172.72,2.3673087818697
20000,2,3,60,152.4,9.90348755253613,152.4,-17.9526912181303
20000,2,3,61,154.94,9.90348755253613,154.94,-15.4126912181303
28000,2,3,64,162.56,10.2399597891573,162.56,-7.7926912181303
265,1,3,66,167.64,5.57972982598622,167.64,-2.71269121813032
26000,1,2,66,167.64,10.1658518170036,167.64,-2.71269121813032
27000,1,3,67,170.18,10.2035921449865,170.18,-0.172691218130296
14000,1,3,68,172.72,9.5468126085974,172.72,2.3673087818697
32000,1,3,66,167.64,10.3734911817819,167.64,-2.71269121813032
10000,1,3,69,175.26,9.21034037197618,175.26,4.90730878186969
7000,1,3,69,175.26,8.85366542803745,175.26,4.90730878186969
28000,2,3,71,180.34,10.2399597891573,180.34,9.9873087818697
60000,3,3,74,187.96,11.0020998412042,187.96,17.6073087818697
12000,3,3,69,175.26,9.39266192877014,175.26,4.90730878186969
15000,3,3,72,182.88,9.61580548008435,182.88,12.5273087818697
26000,1,3,64,162.56,10.1658518170036,162.56,-7.7926912181303
26000,1,2,72,182.88,10.1658518170036,182.88,12.5273087818697
18720,2,1,63,160.02,9.83734775003158,160.02,-10.3326912181303
80000,2,3,70,177.8,11.289781913656,177.8,7.44730878186971
48000,2,3,66,167.64,10.77895628989,167.64,-2.71269121813032
18000,1,4,62,157.48,9.7981270368783,157.48,-12.8726912181303
35000,2,1,64,162.56,10.4631033404715,162.56,-7.7926912181303
5000,1,3,69,175.26,8.51719319141624,175.26,4.90730878186969
9000,1,2,64,162.56,9.10497985631836,162.56,-7.7926912181303
30000,1,3,67,170.18,10.3089526606443,170.18,-0.172691218130296
80000,3,3,72,182.88,11.289781913656,182.88,12.5273087818697
35000,1,3,65,165.1,10.4631033404715,165.1,-5.25269121813031
12000,1,3,63,160.02,9.39266192877014,160.02,-10.3326912181303
2e+05,1,3,70,177.8,12.2060726455302,177.8,7.44730878186971
4000,2,3,64,162.56,8.29404964010203,162.56,-7.7926912181303
2000,1,3,68,172.72,7.60090245954208,172.72,2.3673087818697
2000,1,2,66,167.64,7.60090245954208,167.64,-2.71269121813032
15000,1,3,70,177.8,9.61580548008435,177.8,7.44730878186971
1500,1,2,66,167.64,7.3132203870903,167.64,-2.71269121813032
28000,2,3,64,162.56,10.2399597891573,162.56,-7.7926912181303
9000,2,3,70,177.8,9.10497985631836,177.8,7.44730878186971
60000,3,3,74,187.96,11.0020998412042,187.96,17.6073087818697
1200,1,3,66,167.64,7.09007683577609,167.64,-2.71269121813032
1400,3,2,62,157.48,7.24422751560335,157.48,-12.8726912181303
7000,2,3,66,167.64,8.85366542803745,167.64,-2.71269121813032
21000,1,3,62,157.48,9.95227771670556,157.48,-12.8726912181303
44000,3,3,69,175.26,10.6919449129004,175.26,4.90730878186969
29000,2,1,68,172.72,10.2750511089686,172.72,2.3673087818697
3000,1,2,72,182.88,8.00636756765025,182.88,12.5273087818697
12000,1,1,64,162.56,9.39266192877014,162.56,-7.7926912181303
20000,1,2,72,182.88,9.90348755253613,182.88,12.5273087818697
37000,1,3,74,187.96,10.5186731916264,187.96,17.6073087818697
8000,3,4,66,167.64,8.98719682066197,167.64,-2.71269121813032
35000,1,2,68,172.72,10.4631033404715,172.72,2.3673087818697
25000,2,4,62,157.48,10.1266311038503,157.48,-12.8726912181303
18000,1,3,71,180.34,9.7981270368783,180.34,9.9873087818697
30000,2,1,63,160.02,10.3089526606443,160.02,-10.3326912181303
12000,2,2,71,180.34,9.39266192877014,180.34,9.9873087818697
18000,2,3,72,182.88,9.7981270368783,182.88,12.5273087818697
20000,1,1,72,182.88,9.90348755253613,182.88,12.5273087818697
31000,2,3,68,172.72,10.3417424834673,172.72,2.3673087818697
6000,2,2,64,162.56,8.69951474821019,162.56,-7.7926912181303
12000,2,3,70,177.8,9.39266192877014,177.8,7.44730878186971
13000,1,3,66,167.64,9.47270463644367,167.64,-2.71269121813032
26000,1,3,67,170.18,10.1658518170036,170.18,-0.172691218130296
15000,1,1,68,172.72,9.61580548008435,172.72,2.3673087818697
30000,1,3,64,162.56,10.3089526606443,162.56,-7.7926912181303
2000,2,3,65,165.1,7.60090245954208,165.1,-5.25269121813031
5000,1,4,70,177.8,8.51719319141624,177.8,7.44730878186971
53000,1,3,71,180.34,10.8780471925343,180.34,9.9873087818697
2000,1,3,62,157.48,7.60090245954208,157.48,-12.8726912181303
25000,1,3,71,180.34,10.1266311038503,180.34,9.9873087818697
5000,1,3,74,187.96,8.51719319141624,187.96,17.6073087818697
21000,1,3,64,162.56,9.95227771670556,162.56,-7.7926912181303
17000,1,3,70,177.8,9.74096862303835,177.8,7.44730878186971
12000,2,3,64,162.56,9.39266192877014,162.56,-7.7926912181303
42000,2,2,70,177.8,10.6454248972655,177.8,7.44730878186971
21000,1,3,74,187.96,9.95227771670556,187.96,17.6073087818697
25000,1,3,74,187.96,10.1266311038503,187.96,17.6073087818697
3000,1,3,66,167.64,8.00636756765025,167.64,-2.71269121813032
4000,1,3,71,180.34,8.29404964010203,180.34,9.9873087818697
20000,3,3,69,175.26,9.90348755253613,175.26,4.90730878186969
52000,3,3,60,152.4,10.8589989975636,152.4,-17.9526912181303
60000,2,3,64,162.56,11.0020998412042,162.56,-7.7926912181303
15000,2,3,64,162.56,9.61580548008435,162.56,-7.7926912181303
90000,3,3,72,182.88,11.4075649493124,182.88,12.5273087818697
2000,1,3,69,175.26,7.60090245954208,175.26,4.90730878186969
16000,3,3,67,170.18,9.68034400122192,170.18,-0.172691218130296
24000,1,2,65,165.1,10.0858091093301,165.1,-5.25269121813031
15000,1,2,68,172.72,9.61580548008435,172.72,2.3673087818697
42000,2,3,74,187.96,10.6454248972655,187.96,17.6073087818697
10000,2,3,65,165.1,9.21034037197618,165.1,-5.25269121813031
17000,2,2,71,180.34,9.74096862303835,180.34,9.9873087818697
30000,1,3,64,162.56,10.3089526606443,162.56,-7.7926912181303
32000,2,3,69,175.26,10.3734911817819,175.26,4.90730878186969
36000,1,2,64,162.56,10.4912742174382,162.56,-7.7926912181303
10000,1,2,72,182.88,9.21034037197618,182.88,12.5273087818697
20000,1,3,63,160.02,9.90348755253613,160.02,-10.3326912181303
24000,1,3,65,165.1,10.0858091093301,165.1,-5.25269121813031
17000,1,3,72,182.88,9.74096862303835,182.88,12.5273087818697
23000,2,3,65,165.1,10.0432494949113,165.1,-5.25269121813031
25000,1,3,64,162.56,10.1266311038503,162.56,-7.7926912181303
50000,3,3,71,180.34,10.8197782844103,180.34,9.9873087818697
20000,1,3,62,157.48,9.90348755253613,157.48,-12.8726912181303
30000,1,3,66,167.64,10.3089526606443,167.64,-2.71269121813032
7000,2,3,64,162.56,8.85366542803745,162.56,-7.7926912181303
30000,1,3,68,172.72,10.3089526606443,172.72,2.3673087818697
3000,1,3,66,167.64,8.00636756765025,167.64,-2.71269121813032
20000,2,3,66,167.64,9.90348755253613,167.64,-2.71269121813032
40000,3,3,66,167.64,10.5966347330961,167.64,-2.71269121813032
16000,2,3,66,167.64,9.68034400122192,167.64,-2.71269121813032
11000,3,3,63,160.02,9.30565055178051,160.02,-10.3326912181303
16000,2,3,68,172.72,9.68034400122192,172.72,2.3673087818697
18000,1,3,70,177.8,9.7981270368783,177.8,7.44730878186971
12000,1,3,63,160.02,9.39266192877014,160.02,-10.3326912181303
4000,1,1,70,177.8,8.29404964010203,177.8,7.44730878186971
60000,2,3,72,182.88,11.0020998412042,182.88,12.5273087818697
43000,2,3,75,190.5,10.6689553946757,190.5,20.1473087818697
31000,2,3,62,157.48,10.3417424834673,157.48,-12.8726912181303
50000,2,3,68,172.72,10.8197782844103,172.72,2.3673087818697
27000,1,3,68,172.72,10.2035921449865,172.72,2.3673087818697
30000,3,3,70,177.8,10.3089526606443,177.8,7.44730878186971
12000,1,1,73,185.42,9.39266192877014,185.42,15.0673087818697
20000,1,3,62,157.48,9.90348755253613,157.48,-12.8726912181303
25000,2,4,64,162.56,10.1266311038503,162.56,-7.7926912181303
3000,1,2,73,185.42,8.00636756765025,185.42,15.0673087818697
110000,2,4,66,167.64,11.6082356447746,167.64,-2.71269121813032
58000,3,3,70,177.8,10.9681982895286,177.8,7.44730878186971
10000,2,3,70,177.8,9.21034037197618,177.8,7.44730878186971
19000,1,3,72,182.88,9.85219425814858,182.88,12.5273087818697
8000,1,3,64,162.56,8.98719682066197,162.56,-7.7926912181303
60000,3,3,72,182.88,11.0020998412042,182.88,12.5273087818697
6000,1,3,68,172.72,8.69951474821019,172.72,2.3673087818697
